Recurso ID,Nombre Recurso,Submercado,Capacidad Efectiva,Factor Conversión,Es Menor,Tipo Despacho,Tipo Generación,Fecha Operación,Estado,Nombre Agente,Combustible Por Defecto,Es Autogenerador,
Cog0001,COGENERADOR BIOAISE 1,BIOE,1,0,NO,NO DESPACHADO CENTRALMENTE,COGENERADOR,8/1/1998 12:00:00 AM,INACTIVO,BIOAISE S.A.,GAS,NO,
Cog0002,INCAUCA 1,INC1,10,0,NO,NO DESPACHADO CENTRALMENTE,COGENERADOR,10/21/1998 12:00:00 AM,OPERACION,NITRO ENERGY COLOMBIA S.A.S. E.S.P.,BAGAZO,NO,
Cog0003,COGENERADOR INGENIO PROVIDENCIA 1,INP1,0,0,NO,NO DESPACHADO CENTRALMENTE,COGENERADOR,12/1/2006 12:00:00 AM,INACTIVO,EMPRESA DE ENERGIA DEL PACIFICO S.A. E.S.P.,BIOMASA,NO,
Cog0004,COGENERADOR PROENCA 1,PNC1,4,0,NO,NO DESPACHADO CENTRALMENTE,COGENERADOR,1/1/1999 12:00:00 AM,INACTIVO,PROYECTOS ENERGETICOS DEL CAUCA S.A. E.S.P.,BAGAZO,NO,
Cog0005,INGENIO RISARALDA 1,IRG1,17,0,NO,NO DESPACHADO CENTRALMENTE,COGENERADOR,8/15/2003 12:00:00 AM,OPERACION,EMPRESA DE ENERGIA DE PEREIRA S.A. E.S.P.,BAGAZO,NO,
Cog0006,CENTRAL CASTILLA 1,CAS1,3,0,NO,NO DESPACHADO CENTRALMENTE,COGENERADOR,8/15/2004 12:00:00 AM,OPERACION,RIOPAILA ENERGÍA S.A.S E.S.P.,BAGAZO,NO,
Cog0007,INGENIO RIOPAILA 1,RPL1,16,0,NO,NO DESPACHADO CENTRALMENTE,COGENERADOR,5/21/2018 12:00:00 AM,OPERACION,RIOPAILA ENERGÍA S.A.S E.S.P.,BAGAZO,NO,
Cog0009,CENTRAL TUMACO 1,CTMO,0,0,NO,NO DESPACHADO CENTRALMENTE,COGENERADOR,3/25/2007 12:00:00 AM,INACTIVO,EMPRESA DE ENERGIA DEL PACIFICO S.A. E.S.P.,BAGAZO,NO,
Cog0010,COGENERADOR COLTEJER 1,CLTJ,9.4,0,NO,NO DESPACHADO CENTRALMENTE,COGENERADOR,12/19/2013 12:00:00 AM,OPERACION,EMPRESAS PUBLICAS DE MEDELLIN E.S.P.,CARBON,NO,
Cog0011,PAPELES NACIONALES,PPN1,0,0,NO,NO DESPACHADO CENTRALMENTE,COGENERADOR,2/5/2009 12:00:00 AM,OPERACION,ENERCO S.A. E.S.P.,GAS,NO,
Cog0012,INGENIO PROVIDENCIA 2,CIP1,19.9,0,NO,NO DESPACHADO CENTRALMENTE,COGENERADOR,5/18/2009 12:00:00 AM,OPERACION,NITRO ENERGY COLOMBIA S.A.S. E.S.P.,BAGAZO,NO,
Cog0013,INGENIO LA CARMELITA,ILC1,0,0,NO,NO DESPACHADO CENTRALMENTE,COGENERADOR,11/11/2009 12:00:00 AM,OPERACION,EMPRESA DE ENERGIA DEL PACIFICO S.A. E.S.P.,BAGAZO,NO,
Cog0014,MAYAGUEZ 1,CGM1,19.9,0,NO,NO DESPACHADO CENTRALMENTE,COGENERADOR,8/17/2010 12:00:00 AM,OPERACION,EMPRESA DE ENERGIA DEL PACIFICO S.A. E.S.P.,BAGAZO,NO,
Cog0015,INGENIO PICHICHI 1,PIC1,0,0,NO,NO DESPACHADO CENTRALMENTE,COGENERADOR,1/26/2010 12:00:00 AM,OPERACION,EMPRESA MUNICIPAL DE ENERGIA ELECTRICA S.A. E.S.P.,BAGAZO,NO,
Cog0016,INGENIO SAN CARLOS 1,CIS1,2,29.26,NO,NO DESPACHADO CENTRALMENTE,COGENERADOR,7/23/2011 12:00:00 AM,OPERACION,DICELER S.A. E.S.P.,BAGAZO,NO,
Cog0017,COGENERADOR PROENCA,PNC1,19.9,0,NO,NO DESPACHADO CENTRALMENTE,COGENERADOR,4/29/2014 12:00:00 AM,OPERACION,PROYECTOS ENERGETICOS DEL CAUCA S.A. E.S.P.,BAGAZO,NO,
Cog0018,INGENIO MANUELITA,MAN1,3.5,0,NO,NO DESPACHADO CENTRALMENTE,COGENERADOR,3/17/2016 12:00:00 AM,INACTIVO,EMPRESA DE ENERGIA DEL PACIFICO S.A. E.S.P.,BAGAZO,NO,
Cog0020,COGENERADOR PROENCA II,2SXS,17,0.1,NO,NO DESPACHADO CENTRALMENTE,COGENERADOR,3/25/2017 12:00:00 AM,INACTIVO,PROYECTOS ENERGETICOS DEL CAUCA S.A. E.S.P.,BAGAZO,NO,
Cog0021,BIOENERGY,2SXQ,19.9,0.1,NO,NO DESPACHADO CENTRALMENTE,COGENERADOR,4/22/2017 12:00:00 AM,OPERACION,CEMEX ENERGY S.A.S E.S.P.,BAGAZO,NO,
Cog0022,COGENERADOR MANUELITA 2,2UP2,12,0.00001,NO,NO DESPACHADO CENTRALMENTE,COGENERADOR,6/22/2018 12:00:00 AM,OPERACION,EMPRESA DE ENERGIA DEL PACIFICO S.A. E.S.P.,BAGAZO,NO,
Eol0001,JEPIRACHI 1 - 15,JPR1,18.42,0,SI,NO DESPACHADO CENTRALMENTE,EOLICA,4/27/2004 12:00:00 AM,OPERACION,EMPRESAS PUBLICAS DE MEDELLIN E.S.P.,VIENTO,NO,
Grp0001,ALTO ANCHICAYA,ALAG,355,3.5491,NO,DESPACHADO CENTRALMENTE,HIDRAULICA,1/1/1974 12:00:00 AM,INACTIVO,EMPRESA DE ENERGIA DEL PACIFICO S.A. E.S.P.,AGUA,NO,
Grp0002,BAJO ANCHICAYA,BJAG,74,0.7004,NO,DESPACHADO CENTRALMENTE,HIDRAULICA,1/1/1957 12:00:00 AM,INACTIVO,EMPRESA DE ENERGIA DEL PACIFICO S.A. E.S.P.,AGUA,NO,
Grp0006,BETANIA,CHBG,540,0.591,NO,DESPACHADO CENTRALMENTE,HIDRAULICA,11/1/1987 12:00:00 AM,OPERACION,EMGESA S.A. E.S.P.,AGUA,NO,
Grp0008,AMERICA,AMR1,0.41,0,SI,NO DESPACHADO CENTRALMENTE,HIDRAULICA,1/1/1997 12:00:00 AM,OPERACION,EMPRESAS PUBLICAS DE MEDELLIN E.S.P.,AGUA,NO,
Grp0009,CALIMA,CLMG,132,1.8322,NO,DESPACHADO CENTRALMENTE,HIDRAULICA,1/1/1967 12:00:00 AM,OPERACION,EMPRESA DE ENERGIA DEL PACIFICO S.A. E.S.P.,AGUA,NO,
Grp0011,AYURA,AYR1,18,0,SI,NO DESPACHADO CENTRALMENTE,HIDRAULICA,10/26/1983 12:00:00 AM,OPERACION,EMPRESAS PUBLICAS DE MEDELLIN E.S.P.,AGUA,NO,
Grp0012,BELLO,BLL3,0.35,0,SI,NO DESPACHADO CENTRALMENTE,HIDRAULICA,1/1/1997 12:00:00 AM,OPERACION,EMPRESAS PUBLICAS DE MEDELLIN E.S.P.,AGUA,NO,
Grp0013,CHIVOR,CHVR,1000,6.8736,NO,DESPACHADO CENTRALMENTE,HIDRAULICA,5/23/1977 12:00:00 AM,OPERACION,AES CHIVOR & CIA. S.C.A. E.S.P.,AGUA,NO,
Grp0015,CAMPESTRE (EPM),CMP2,0.87,0,SI,NO DESPACHADO CENTRALMENTE,HIDRAULICA,1/1/1997 12:00:00 AM,OPERACION,EMPRESAS PUBLICAS DE MEDELLIN E.S.P.,AGUA,NO,
Grp0016,MANANTIALES,MNT1,3.15,0,SI,NO DESPACHADO CENTRALMENTE,HIDRAULICA,1/1/1992 12:00:00 AM,OPERACION,EMPRESAS PUBLICAS DE MEDELLIN E.S.P.,AGUA,NO,
Grp0017,NIMA,NIM1,6.7,0,SI,NO DESPACHADO CENTRALMENTE,HIDRAULICA,1/1/1942 12:00:00 AM,OPERACION,EMPRESA DE ENERGIA DEL PACIFICO S.A. E.S.P.,AGUA,NO,
Grp0018,NUEVO LIBARE,LBR1,5.1,0,SI,NO DESPACHADO CENTRALMENTE,HIDRAULICA,1/1/1994 12:00:00 AM,OPERACION,EMPRESA DE ENERGIA DE PEREIRA S.A. E.S.P.,AGUA,NO,
Grp0019,ESMERALDA,ESMR,30,1.3202,NO,DESPACHADO CENTRALMENTE,HIDRAULICA,1/1/1963 12:00:00 AM,OPERACION,EMPRESAS PUBLICAS DE MEDELLIN E.S.P.,AGUA,NO,
Grp0020,OVEJAS,OVJ1,0.82,0,SI,NO DESPACHADO CENTRALMENTE,HIDRAULICA,1/1/1939 12:00:00 AM,OPERACION,VATIA S.A. E.S.P.,AGUA,NO,
Grp0021,FLORIDA,FLRD,19.9,0.8333,SI,NO DESPACHADO CENTRALMENTE,HIDRAULICA,1/1/1975 12:00:00 AM,OPERACION,VATIA S.A. E.S.P.,AGUA,NO,
Grp0024,PASTALES,PST1,0.7,0,SI,NO DESPACHADO CENTRALMENTE,HIDRAULICA,2/18/2004 12:00:00 AM,OPERACION,VATIA S.A. E.S.P.,AGUA,NO,
Grp0025,AUTG CEMENTOS DEL NARE,CMN1,9,0,SI,NO DESPACHADO CENTRALMENTE,HIDRAULICA,9/1/2004 12:00:00 AM,OPERACION,EMPRESAS PUBLICAS DE MEDELLIN E.S.P.,AGUA,SI,
Grp0026,GUATAPE,GTPE,560,6.9736,NO,DESPACHADO CENTRALMENTE,HIDRAULICA,1/1/1972 12:00:00 AM,OPERACION,EMPRESAS PUBLICAS DE MEDELLIN E.S.P.,AGUA,NO,
Grp0027,GUAVIO,GVIO,1250,9.8252,NO,DESPACHADO CENTRALMENTE,HIDRAULICA,3/19/1993 12:00:00 AM,OPERACION,EMGESA S.A. E.S.P.,AGUA,NO,
Grp0028,LA HERRADURA,HRD1,19.8,0.0001,SI,NO DESPACHADO CENTRALMENTE,HIDRAULICA,9/3/2004 12:00:00 AM,OPERACION,EMPRESAS PUBLICAS DE MEDELLIN E.S.P.,AGUA,NO,
Grp0029,JAGUAS,JAGS,170,2.3302,NO,DESPACHADO CENTRALMENTE,HIDRAULICA,7/1/1988 12:00:00 AM,OPERACION,ISAGEN S.A. E.S.P.,AGUA,NO,
Grp0031,LA TASAJERA,LTSJ,306,8.0741,NO,DESPACHADO CENTRALMENTE,HIDRAULICA,5/20/1994 12:00:00 AM,OPERACION,EMPRESAS PUBLICAS DE MEDELLIN E.S.P.,AGUA,NO,
Grp0032,LA VUELTA,VLT1,11.6,0,SI,NO DESPACHADO CENTRALMENTE,HIDRAULICA,11/22/2004 12:00:00 AM,OPERACION,EMPRESAS PUBLICAS DE MEDELLIN E.S.P.,AGUA,NO,
Grp0034,DOLORES,DLR1,8.3,0,SI,NO DESPACHADO CENTRALMENTE,HIDRAULICA,5/9/2000 12:00:00 AM,INACTIVO,EMPRESAS PUBLICAS DE MEDELLIN E.S.P.,AGUA,NO,
Grp0035,CARACOLI,CRC1,2.6,0,SI,NO DESPACHADO CENTRALMENTE,HIDRAULICA,1/1/1935 12:00:00 AM,OPERACION,EMPRESAS PUBLICAS DE MEDELLIN E.S.P.,AGUA,NO,
Grp0036,REMEDIOS,PMR1,0.75,0,SI,NO DESPACHADO CENTRALMENTE,HIDRAULICA,9/19/2007 12:00:00 AM,OPERACION,HZ ENERGY S.A.S. E.S.P.,AGUA,NO,
Grp0037,RIO SAPUYES,SPY1,1.65,0,SI,NO DESPACHADO CENTRALMENTE,HIDRAULICA,1/1/1954 12:00:00 AM,OPERACION,CENTRALES ELECTRICAS DE NARIÑO S.A. E.S.P.,AGUA,NO,
Grp0039,PLAYAS,PLYS,207,1.7193,NO,DESPACHADO CENTRALMENTE,HIDRAULICA,8/1/1988 12:00:00 AM,OPERACION,EMPRESAS PUBLICAS DE MEDELLIN E.S.P.,AGUA,NO,
Grp0040,PRADO,PRDO,51,0.4783,NO,DESPACHADO CENTRALMENTE,HIDRAULICA,3/1/1973 12:00:00 AM,OPERACION,EMPRESA DE ENERGIA DEL PACIFICO S.A. E.S.P.,AGUA,NO,
Grp0042,RIO MAYO,RMYO,19.8,1.7,SI,NO DESPACHADO CENTRALMENTE,HIDRAULICA,7/20/1995 12:00:00 AM,OPERACION,CENTRALES ELECTRICAS DE NARIÑO S.A. E.S.P.,AGUA,NO,
Grp0043,RIOGRANDE I,RGRN,19,0,SI,NO DESPACHADO CENTRALMENTE,HIDRAULICA,1/1/1956 12:00:00 AM,OPERACION,EMPRESAS PUBLICAS DE MEDELLIN E.S.P.,AGUA,NO,
Grp0044,SONSON,SNS1,18.5,0,SI,NO DESPACHADO CENTRALMENTE,HIDRAULICA,6/1/2002 12:00:00 AM,OPERACION,EMPRESAS PUBLICAS DE MEDELLIN E.S.P.,AGUA,NO,
Grp0045,PIEDRAS BLANCAS,PBL1,5,0,SI,NO DESPACHADO CENTRALMENTE,HIDRAULICA,1/1/1900 12:00:00 AM,INACTIVO,EMPRESAS PUBLICAS DE MEDELLIN E.S.P.,AGUA,NO,
Grp0047,SALVAJINA,SLVJ,315,0.8483,NO,DESPACHADO CENTRALMENTE,HIDRAULICA,7/20/1995 12:00:00 AM,OPERACION,EMPRESA DE ENERGIA DEL PACIFICO S.A. E.S.P.,AGUA,NO,
Grp0048,SAN CARLOS,SNCR,1240,5.332,NO,DESPACHADO CENTRALMENTE,HIDRAULICA,1/20/1984 12:00:00 AM,OPERACION,ISAGEN S.A. E.S.P.,AGUA,NO,
Grp0049,SAN FRANCISCO,SNFR,135,1.5386,NO,DESPACHADO CENTRALMENTE,HIDRAULICA,1/1/1969 12:00:00 AM,OPERACION,EMPRESAS PUBLICAS DE MEDELLIN E.S.P.,AGUA,NO,
Grp0050,SAN JOSE DE LA MONTAÑA,SJM1,0.4,0,SI,NO DESPACHADO CENTRALMENTE,HIDRAULICA,7/30/2007 12:00:00 AM,OPERACION,EMPRESAS PUBLICAS DE MEDELLIN E.S.P.,AGUA,NO,
Grp0051,AMALFI,AMF1,0.81,0,SI,NO DESPACHADO CENTRALMENTE,HIDRAULICA,8/5/2007 12:00:00 AM,OPERACION,EMPRESAS PUBLICAS DE MEDELLIN E.S.P.,AGUA,NO,
Grp0052,PUENTE GUILLERMO,PTG1,4.2,0,SI,NO DESPACHADO CENTRALMENTE,HIDRAULICA,9/1/2001 12:00:00 AM,OPERACION,ENERCO S.A. E.S.P.,AGUA,NO,
Grp0053,RIOFRIO (TAMESIS),TMS1,1,0,SI,NO DESPACHADO CENTRALMENTE,HIDRAULICA,1/1/1951 12:00:00 AM,OPERACION,EMPRESAS PUBLICAS DE MEDELLIN E.S.P.,AGUA,NO,
Grp0055,SUEVA 2,SUV1,6,0,SI,NO DESPACHADO CENTRALMENTE,HIDRAULICA,5/24/2002 12:00:00 AM,OPERACION,CEMEX ENERGY S.A.S E.S.P.,AGUA,NO,
Grp0056,CHARQUITO,CQT1,19.4,0,SI,NO DESPACHADO CENTRALMENTE,HIDRAULICA,8/22/2003 12:00:00 AM,OPERACION,EMGESA S.A. E.S.P.,AGUA,NO,
Grp0057,EL LIMONAR,LMR1,18,0,SI,NO DESPACHADO CENTRALMENTE,HIDRAULICA,12/6/2003 12:00:00 AM,OPERACION,EMGESA S.A. E.S.P.,AGUA,NO,
Grp0058,LA TINTA,TIN1,19.4,0,SI,NO DESPACHADO CENTRALMENTE,HIDRAULICA,12/6/2003 12:00:00 AM,INACTIVO,EMGESA S.A. E.S.P.,AGUA,NO,
Grp0059,LA JUNCA,JNC1,19.4,0,SI,NO DESPACHADO CENTRALMENTE,HIDRAULICA,1/1/2005 12:00:00 AM,INACTIVO,EMGESA S.A. E.S.P.,AGUA,NO,
Grp0060,TEQUENDAMA,TQD1,19.4,0,SI,NO DESPACHADO CENTRALMENTE,HIDRAULICA,4/10/2004 12:00:00 AM,INACTIVO,EMGESA S.A. E.S.P.,AGUA,NO,
Grp0061,GUACAICA,GCC1,0.86,0,SI,NO DESPACHADO CENTRALMENTE,HIDRAULICA,1/1/1992 12:00:00 AM,OPERACION,EMPRESAS PUBLICAS DE MEDELLIN E.S.P.,AGUA,NO,
Grp0062,INTERMEDIA,INT1,0.96,0,SI,NO DESPACHADO CENTRALMENTE,HIDRAULICA,1/1/1974 12:00:00 AM,OPERACION,EMPRESAS PUBLICAS DE MEDELLIN E.S.P.,AGUA,NO,
Grp0063,MONDOMO,MND1,0.75,0,SI,NO DESPACHADO CENTRALMENTE,HIDRAULICA,1/1/1958 12:00:00 AM,OPERACION,VATIA S.A. E.S.P.,AGUA,NO,
Grp0064,SAN CANCIO,SNC1,2,0,SI,NO DESPACHADO CENTRALMENTE,HIDRAULICA,1/1/1929 12:00:00 AM,OPERACION,EMPRESAS PUBLICAS DE MEDELLIN E.S.P.,AGUA,NO,
Grp0065,BELMONTE,BLM1,3.4,0,SI,NO DESPACHADO CENTRALMENTE,HIDRAULICA,1/1/1939 12:00:00 AM,OPERACION,EMPRESA DE ENERGIA DE PEREIRA S.A. E.S.P.,AGUA,NO,
Grp0066,NIQUIA,NQU1,19,0,SI,NO DESPACHADO CENTRALMENTE,HIDRAULICA,6/28/1993 12:00:00 AM,OPERACION,EMPRESAS PUBLICAS DE MEDELLIN E.S.P.,AGUA,NO,
Grp0067,BAYONA,BYN1,0.6,0,SI,NO DESPACHADO CENTRALMENTE,HIDRAULICA,1/1/1943 12:00:00 AM,OPERACION,EMPRESA MULTIPROPOSITO DE CALARCA S.A. E.S.P.,AGUA,NO,
Grp0068,CAMPESTRE (CALARCA),CPT1,0.7,0,SI,NO DESPACHADO CENTRALMENTE,HIDRAULICA,1/1/1956 12:00:00 AM,OPERACION,EMPRESA MULTIPROPOSITO DE CALARCA S.A. E.S.P.,AGUA,NO,
Grp0069,UNION,UNN1,0.7,0,SI,NO DESPACHADO CENTRALMENTE,HIDRAULICA,1/1/1935 12:00:00 AM,OPERACION,EMPRESA MULTIPROPOSITO DE CALARCA S.A. E.S.P.,AGUA,NO,
Grp0070,ASNAZU,ASN1,0.45,0,SI,NO DESPACHADO CENTRALMENTE,HIDRAULICA,1/1/1934 12:00:00 AM,OPERACION,VATIA S.A. E.S.P.,AGUA,NO,
Grp0071,INZA,INZ1,0.75,0,SI,NO DESPACHADO CENTRALMENTE,HIDRAULICA,2/5/2009 12:00:00 AM,OPERACION,VATIA S.A. E.S.P.,AGUA,NO,
Grp0072,MIROLINDO,MIR1,3.75,0,SI,NO DESPACHADO CENTRALMENTE,HIDRAULICA,11/3/2004 12:00:00 AM,OPERACION,VATIA S.A. E.S.P.,AGUA,NO,
Grp0073,NUTIBARA,NTB1,0.75,0,SI,NO DESPACHADO CENTRALMENTE,HIDRAULICA,1/1/1997 12:00:00 AM,OPERACION,EMPRESAS PUBLICAS DE MEDELLIN E.S.P.,AGUA,NO,
Grp0074,RIO INGENIO,RIN1,0.18,0,SI,NO DESPACHADO CENTRALMENTE,HIDRAULICA,1/1/1958 12:00:00 AM,INACTIVO,CENTRALES ELECTRICAS DE NARIÑO S.A. E.S.P.,AGUA,NO,
Grp0075,SAJANDI,SJN1,3.2,0,SI,NO DESPACHADO CENTRALMENTE,HIDRAULICA,1/1/1995 12:00:00 AM,OPERACION,VATIA S.A. E.S.P.,AGUA,NO,
Grp0076,SILVIA,SLV1,0.38,0,SI,NO DESPACHADO CENTRALMENTE,HIDRAULICA,1/1/1994 12:00:00 AM,OPERACION,VATIA S.A. E.S.P.,AGUA,NO,
Grp0077,IQUIRA I,IQU1,4.32,0,SI,NO DESPACHADO CENTRALMENTE,HIDRAULICA,1/1/1955 12:00:00 AM,OPERACION,ELECTRIFICADORA DEL HUILA S.A. E.S.P.,AGUA,NO,
Grp0078,IQUIRA II,IQU2,5.4,0,SI,NO DESPACHADO CENTRALMENTE,HIDRAULICA,1/1/1965 12:00:00 AM,OPERACION,ELECTRIFICADORA DEL HUILA S.A. E.S.P.,AGUA,NO,
Grp0079,LA PITA,PTA1,1.42,0,SI,NO DESPACHADO CENTRALMENTE,HIDRAULICA,1/1/1965 12:00:00 AM,OPERACION,ELECTRIFICADORA DEL HUILA S.A. E.S.P.,AGUA,NO,
Grp0080,JULIO BRAVO,JBV1,1.5,0,SI,NO DESPACHADO CENTRALMENTE,HIDRAULICA,1/1/1942 12:00:00 AM,OPERACION,CENTRALES ELECTRICAS DE NARIÑO S.A. E.S.P.,AGUA,NO,
Grp0081,RIO ABAJO,RBJ1,0.9,0,SI,NO DESPACHADO CENTRALMENTE,HIDRAULICA,1/1/1947 12:00:00 AM,INACTIVO,EMPRESAS PUBLICAS DE MEDELLIN E.S.P.,AGUA,NO,
Grp0082,RIO FRIO II,RFR2,10,0,SI,NO DESPACHADO CENTRALMENTE,HIDRAULICA,1/1/1996 12:00:00 AM,OPERACION,COMPAÑIA DE ELECTRICIDAD DE TULUA S.A. E.S.P.,AGUA,NO,
Grp0083,RIO RECIO,RCIO,0.3,0,SI,NO DESPACHADO CENTRALMENTE,HIDRAULICA,11/1/1958 12:00:00 AM,OPERACION,VATIA S.A. E.S.P.,AGUA,NO,
Grp0084,CALICHAL,CHL1,0.2,0,SI,NO DESPACHADO CENTRALMENTE,HIDRAULICA,1/1/1946 12:00:00 AM,INACTIVO,ELECTRIFICADORA DE SANTANDER S.A. E.S.P.,AGUA,NO,
Grp0085,CASCADA,CSC1,3,0,SI,NO DESPACHADO CENTRALMENTE,HIDRAULICA,1/1/1954 12:00:00 AM,OPERACION,EMPRESAS PUBLICAS DE MEDELLIN E.S.P.,AGUA,NO,
Grp0086,PAJARITO,PJR1,13.2,0,SI,NO DESPACHADO CENTRALMENTE,HIDRAULICA,11/25/1999 12:00:00 AM,OPERACION,EMPRESAS PUBLICAS DE MEDELLIN E.S.P.,AGUA,NO,
Grp0087,SERVITA,STA1,0.65,0,SI,NO DESPACHADO CENTRALMENTE,HIDRAULICA,1/1/1965 12:00:00 AM,INACTIVO,ELECTRIFICADORA DE SANTANDER S.A. E.S.P.,AGUA,NO,
Grp0088,ZARAGOZA,ZRG1,1.3,0,SI,NO DESPACHADO CENTRALMENTE,HIDRAULICA,1/1/1932 12:00:00 AM,INACTIVO,ELECTRIFICADORA DE SANTANDER S.A. E.S.P.,AGUA,NO,
Grp0090,PALMAS SAN GIL,PLM1,15,0,SI,NO DESPACHADO CENTRALMENTE,HIDRAULICA,1/1/1954 12:00:00 AM,OPERACION,EMPRESAS PUBLICAS DE MEDELLIN E.S.P.,AGUA,NO,
Grp0091,RIO PIEDRAS,RPD1,19.9,1,SI,NO DESPACHADO CENTRALMENTE,HIDRAULICA,3/31/2000 12:00:00 AM,OPERACION,EMPRESA DE ENERGIA DEL PACIFICO S.A. E.S.P.,AGUA,NO,
Grp0092,VENTANA A,VNTA,2.5,0,SI,NO DESPACHADO CENTRALMENTE,HIDRAULICA,11/1/1957 12:00:00 AM,OPERACION,VATIA S.A. E.S.P.,AGUA,NO,
Grp0093,VENTANA B,VNTB,2.5,0,SI,NO DESPACHADO CENTRALMENTE,HIDRAULICA,11/1/1957 12:00:00 AM,OPERACION,VATIA S.A. E.S.P.,AGUA,NO,
Grp0094,RIO CALI,RCL1,1.8,0,SI,NO DESPACHADO CENTRALMENTE,HIDRAULICA,1/1/1925 12:00:00 AM,OPERACION,EMPRESA DE ENERGIA DEL PACIFICO S.A. E.S.P.,AGUA,NO,
Grp0095,RIO FRIO I,RFR1,1.67,0,SI,NO DESPACHADO CENTRALMENTE,HIDRAULICA,1/1/1954 12:00:00 AM,OPERACION,COMPAÑIA DE ELECTRICIDAD DE TULUA S.A. E.S.P.,AGUA,NO,
Grp0096,ALBAN,ALBG,429,4.5098,NO,DESPACHADO CENTRALMENTE,HIDRAULICA,12/15/2000 12:00:00 AM,OPERACION,EMPRESA DE ENERGIA DEL PACIFICO S.A. E.S.P.,AGUA,NO,
Grp0097,CASALCO,CSLG,128,0,NO,DESPACHADO CENTRALMENTE,HIDRAULICA,6/17/1957 12:00:00 AM,INACTIVO,EMGESA S.A. E.S.P.  (FINALIZADO),AGUA,NO,
Grp0098,GUATRON,GTRG,512,8.45,NO,DESPACHADO CENTRALMENTE,HIDRAULICA,1/1/1996 12:00:00 AM,OPERACION,EMPRESAS PUBLICAS DE MEDELLIN E.S.P.,AGUA,NO,
Grp0099,PAGUA,PGUG,600,16.4049,NO,DESPACHADO CENTRALMENTE,HIDRAULICA,12/1/1986 12:00:00 AM,OPERACION,EMGESA S.A. E.S.P.,AGUA,NO,
Grp0101,RUMOR,RMR1,2.5,0,SI,NO DESPACHADO CENTRALMENTE,HIDRAULICA,1/1/1999 12:00:00 AM,OPERACION,COMPAÑIA DE ELECTRICIDAD DE TULUA S.A. E.S.P.,AGUA,NO,
Grp0109,RIO GRANDE,RGR1,0.3,0,SI,NO DESPACHADO CENTRALMENTE,HIDRAULICA,12/1/2007 12:00:00 AM,OPERACION,EMPRESAS PUBLICAS DE MEDELLIN E.S.P.,AGUA,NO,
Grp0110,RIONEGRO,RNG1,10.2,0,SI,NO DESPACHADO CENTRALMENTE,HIDRAULICA,1/1/1975 12:00:00 AM,OPERACION,EMGESA S.A. E.S.P.,AGUA,NO,
Grp0111,RIO BOBO,RBB1,4,0,SI,NO DESPACHADO CENTRALMENTE,HIDRAULICA,1/1/1960 12:00:00 AM,OPERACION,CENTRALES ELECTRICAS DE NARIÑO S.A. E.S.P.,AGUA,NO,
Grp0112,MUNICIPAL,MNC1,1.4,0,SI,NO DESPACHADO CENTRALMENTE,HIDRAULICA,1/1/1935 12:00:00 AM,OPERACION,EMPRESAS PUBLICAS DE MEDELLIN E.S.P.,AGUA,NO,
Grp0113,PROVIDENCIA (ANTIOQUIA),PVD1,3,0,SI,NO DESPACHADO CENTRALMENTE,HIDRAULICA,1/1/1900 12:00:00 AM,INACTIVO,EMPRESAS PUBLICAS DE MEDELLIN E.S.P.,AGUA,NO,
Grp0114,RIO PALO,LPLO,1.44,0,SI,NO DESPACHADO CENTRALMENTE,HIDRAULICA,1/1/1960 12:00:00 AM,OPERACION,VATIA S.A. E.S.P.,AGUA,NO,
Grp0115,SAN JOSE,SJOG,0.38,0.0001,SI,NO DESPACHADO CENTRALMENTE,HIDRAULICA,11/16/2003 12:00:00 AM,OPERACION,GENERADORA COLOMBIANA DE ELECTRICIDAD S.C.A. E.S.P.,AGUA,NO,
Grp0116,SANTA ANA,SNT1,8,0,SI,NO DESPACHADO CENTRALMENTE,HIDRAULICA,6/9/2005 12:00:00 AM,OPERACION,EMGESA S.A. E.S.P.,AGUA,NO,
Grp0117,LA CASCADA (ANTIOQUIA),LCS1,2.3,0,SI,NO DESPACHADO CENTRALMENTE,HIDRAULICA,7/17/2007 12:00:00 AM,OPERACION,LA CASCADA S.A.S. E.S.P.,AGUA,NO,
Grp0118,LA CASCADA ( ABEJORRAL),ABJ1,3,0,SI,NO DESPACHADO CENTRALMENTE,HIDRAULICA,9/17/2007 12:00:00 AM,OPERACION,ENERCO S.A. E.S.P.,AGUA,NO,
Grp0119,EL BOSQUE,BSQ1,2.28,0,SI,NO DESPACHADO CENTRALMENTE,HIDRAULICA,1/1/1935 12:00:00 AM,OPERACION,ENERGIA RENOVABLE DE COLOMBIA S.A. E.S.P.,AGUA,NO,
Grp0120,URRAO,PLU1,1.03,0,SI,NO DESPACHADO CENTRALMENTE,HIDRAULICA,7/30/2007 12:00:00 AM,OPERACION,GENERCOMERCIAL S.A.S E.S.P,AGUA,NO,
Grp0122,CALDERAS,CLDR,19.9,1.3143,SI,NO DESPACHADO CENTRALMENTE,HIDRAULICA,6/30/2006 12:00:00 AM,OPERACION,ISAGEN S.A. E.S.P.,AGUA,NO,
Grp0123,EL LIMON,LIM1,0.72,0,SI,NO DESPACHADO CENTRALMENTE,HIDRAULICA,1/1/1926 12:00:00 AM,INACTIVO,EMPRESAS PUBLICAS DE MEDELLIN E.S.P.,AGUA,NO,
Grp0124,COCONUCO,CCN1,4.5,0,SI,NO DESPACHADO CENTRALMENTE,HIDRAULICA,9/27/2000 12:00:00 AM,OPERACION,EMPRESA MUNICIPAL DE ENERGIA ELECTRICA S.A. E.S.P.,AGUA,NO,
Grp0125,PATICO - LA CABRERA,PTC1,1.48,0,SI,NO DESPACHADO CENTRALMENTE,HIDRAULICA,1/1/1930 12:00:00 AM,OPERACION,CCG ENERGY S.A.S. E.S.P.,AGUA,NO,
Grp0126,GRANADA,GRN1,19.9,0,SI,NO DESPACHADO CENTRALMENTE,HIDRAULICA,5/16/2007 12:00:00 AM,INACTIVO,EMGESA S.A. E.S.P.,AGUA,NO,
Grp0127,LA REBUSCA,2QRL,0.7,1.09,SI,NO DESPACHADO CENTRALMENTE,HIDRAULICA,7/24/2014 12:00:00 AM,OPERACION,HZ ENERGY S.A.S. E.S.P.,AGUA,NO,
Grp0129,RIO PIEDRAS (LA CEJA),PDS1,0.3,0,SI,NO DESPACHADO CENTRALMENTE,HIDRAULICA,1/1/2000 12:00:00 AM,INACTIVO,EMPRESAS PUBLICAS DE MEDELLIN E.S.P.,AGUA,NO,
Grp0130,PRADO IV,PRD4,5,0.4904,SI,NO DESPACHADO CENTRALMENTE,HIDRAULICA,3/1/1973 12:00:00 AM,OPERACION,EMPRESA DE ENERGIA DEL PACIFICO S.A. E.S.P.,AGUA,NO,
Grp0131,SAN ANTONIO,SAN1,19.4,3.6,SI,NO DESPACHADO CENTRALMENTE,HIDRAULICA,8/22/2003 12:00:00 AM,INACTIVO,EMGESA S.A. E.S.P.,AGUA,NO,
Grp0140,URRA,URA1,338,0.4657,NO,DESPACHADO CENTRALMENTE,HIDRAULICA,2/14/2000 12:00:00 AM,OPERACION,EMPRESA URRA S.A. E.S.P.,AGUA,NO,
Grp0173,MIEL I,HMLG,396,2.0373,NO,DESPACHADO CENTRALMENTE,HIDRAULICA,12/1/2002 12:00:00 AM,OPERACION,ISAGEN S.A. E.S.P.,AGUA,NO,
Grp0182,PORCE II,PRC2,405,2.0166,NO,DESPACHADO CENTRALMENTE,HIDRAULICA,4/8/2001 12:00:00 AM,OPERACION,EMPRESAS PUBLICAS DE MEDELLIN E.S.P.,AGUA,NO,
Grp0214,INSULA,INS1,19,0.85,SI,NO DESPACHADO CENTRALMENTE,HIDRAULICA,7/20/1995 12:00:00 AM,OPERACION,EMPRESAS PUBLICAS DE MEDELLIN E.S.P.,AGUA,NO,
Grp0217,AGUA FRESCA,AFR1,7.29,0,SI,NO DESPACHADO CENTRALMENTE,HIDRAULICA,4/10/2008 12:00:00 AM,OPERACION,ENERGIA DEL RIO PIEDRAS S.A. E.S.P.,AGUA,NO,
Grp0218,CARUQUIA,GCA1,9.5,1.53,SI,NO DESPACHADO CENTRALMENTE,HIDRAULICA,1/28/2010 12:00:00 AM,OPERACION,LA CASCADA S.A.S. E.S.P.,AGUA,NO,
Grp0219,PORCE III,PRC3,700,3.2028,NO,DESPACHADO CENTRALMENTE,HIDRAULICA,2/9/2011 12:00:00 AM,OPERACION,EMPRESAS PUBLICAS DE MEDELLIN E.S.P.,AGUA,NO,
Grp0220,GUANAQUITAS,GQA1,9.5,1.4984,SI,NO DESPACHADO CENTRALMENTE,HIDRAULICA,6/30/2010 12:00:00 AM,OPERACION,LA CASCADA S.A.S. E.S.P.,AGUA,NO,
Grp0221,CURRUCUCUES,CUR1,1.25,0.52,SI,NO DESPACHADO CENTRALMENTE,HIDRAULICA,8/18/2010 12:00:00 AM,OPERACION,ENERCO S.A. E.S.P.,AGUA,NO,
Grp0222,SANTA RITA,SRA1,1.3,0.675,SI,NO DESPACHADO CENTRALMENTE,HIDRAULICA,8/18/2010 12:00:00 AM,OPERACION,ENERCO S.A. E.S.P.,AGUA,NO,
Grp0223,AMAIME,AMA1,19.17,1.55,SI,NO DESPACHADO CENTRALMENTE,HIDRAULICA,1/6/2011 12:00:00 AM,OPERACION,EMPRESA DE ENERGIA DEL PACIFICO S.A. E.S.P.,AGUA,NO,
Grp0224,SANTIAGO,STG1,2.8,2.8,SI,NO DESPACHADO CENTRALMENTE,HIDRAULICA,1/8/2011 12:00:00 AM,OPERACION,VATIA S.A. E.S.P.,AGUA,NO,
Grp0225,PORCE III PRUEBAS,PR3P,0,3.0742,NO,DESPACHADO CENTRALMENTE,HIDRAULICA,6/1/2011 12:00:00 AM,INACTIVO,EMPRESAS PUBLICAS DE MEDELLIN E.S.P.,AGUA,NO,
Grp0226,AMOYA LA ESPERANZA,MOY1,80,4.8609,NO,DESPACHADO CENTRALMENTE,HIDRAULICA,5/24/2013 12:00:00 AM,OPERACION,ISAGEN S.A. E.S.P.,AGUA,NO,
Grp0227,ALTO TULUA,ALTG,19.9,2.23,SI,NO DESPACHADO CENTRALMENTE,HIDRAULICA,5/28/2012 12:00:00 AM,OPERACION,EMPRESA DE ENERGIA DEL PACIFICO S.A. E.S.P.,AGUA,NO,
Grp0228,URRA P,URAP,85,0,NO,DESPACHADO CENTRALMENTE,HIDRAULICA,3/13/2000 12:00:00 AM,INACTIVO,EMPRESA URRA S.A. E.S.P.,AGUA,NO,
Grp0229,CHIVOR P,CHVP,250,0,NO,DESPACHADO CENTRALMENTE,HIDRAULICA,1/1/2001 12:00:00 AM,INACTIVO,AES CHIVOR & CIA. S.C.A. E.S.P.,AGUA,NO,
Grp0230,HIDROMONTAÑITAS,HMO1,19.9,3.7,SI,NO DESPACHADO CENTRALMENTE,HIDRAULICA,6/14/2012 12:00:00 AM,OPERACION,EMPRESA DE ENERGIA DEL PACIFICO S.A. E.S.P.,AGUA,NO,
Grp0231,CUCUANA,CUC1,56,5.69,NO,DESPACHADO CENTRALMENTE,HIDRAULICA,7/29/2015 12:00:00 AM,OPERACION,EMPRESA DE ENERGIA DEL PACIFICO S.A. E.S.P.,AGUA,NO,
Grp0235,EL QUIMBO,QUI1,400,1.1048,NO,DESPACHADO CENTRALMENTE,HIDRAULICA,11/16/2015 12:00:00 AM,OPERACION,EMGESA S.A. E.S.P.,AGUA,NO,
Grp0236,SOGAMOSO_P,SOGP,546,1.3047,NO,DESPACHADO CENTRALMENTE,HIDRAULICA,12/31/2014 12:00:00 AM,INACTIVO,ISAGEN S.A. E.S.P.,AGUA,NO,
Grp0238,BARROSO,BAR1,19.9,3.2097,SI,NO DESPACHADO CENTRALMENTE,HIDRAULICA,11/30/2012 12:00:00 AM,OPERACION,LA CASCADA S.A.S. E.S.P.,AGUA,NO,
Grp0239,SAN FRANCISCO (PUTUMAYO),SFC1,0.468,0,SI,NO DESPACHADO CENTRALMENTE,HIDRAULICA,12/15/2012 12:00:00 AM,OPERACION,GENERPUTUMAYO S.A.S. E.S.P.,AGUA,NO,
Grp0240,SUBA,SBA1,2.6,0.944,SI,NO DESPACHADO CENTRALMENTE,HIDRAULICA,4/15/2013 12:00:00 AM,OPERACION,EMGESA S.A. E.S.P.,AGUA,NO,
Grp0241,USAQUEN,USQ1,1.8,0.941,SI,NO DESPACHADO CENTRALMENTE,HIDRAULICA,4/15/2013 12:00:00 AM,OPERACION,EMGESA S.A. E.S.P.,AGUA,NO,
Grp0242,DARIO VALENCIA SAMPER,DVS1,150,8.0779,NO,DESPACHADO CENTRALMENTE,HIDRAULICA,11/10/2013 12:00:00 AM,OPERACION,EMGESA S.A. E.S.P.,AGUA,NO,
Grp0243,EL POPAL,2QBW,19.9,1.442,SI,NO DESPACHADO CENTRALMENTE,HIDRAULICA,3/31/2014 12:00:00 AM,OPERACION,LA CASCADA S.A.S. E.S.P.,AGUA,NO,
Grp0244,SALTO II,2QEK,35,3.4155,NO,DESPACHADO CENTRALMENTE,HIDRAULICA,6/25/2014 12:00:00 AM,OPERACION,EMGESA S.A. E.S.P.,AGUA,NO,
Grp0245,BAJO TULUA,2QV2,19.9,1.65,SI,NO DESPACHADO CENTRALMENTE,HIDRAULICA,1/30/2015 12:00:00 AM,OPERACION,EMPRESA DE ENERGIA DEL PACIFICO S.A. E.S.P.,AGUA,NO,
Grp0246,LAGUNETA,2R22,18,2.509,SI,NO DESPACHADO CENTRALMENTE,HIDRAULICA,12/17/2014 12:00:00 AM,OPERACION,EMGESA S.A. E.S.P.,AGUA,NO,
Grp0247,TUNJITA,TUJ1,19.7,2.4655,SI,NO DESPACHADO CENTRALMENTE,HIDRAULICA,6/30/2016 12:00:00 AM,OPERACION,AES CHIVOR & CIA. S.C.A. E.S.P.,AGUA,NO,
Grp0249,LA NAVETA,NAV1,4.8,0.1529,SI,NO DESPACHADO CENTRALMENTE,HIDRAULICA,11/27/2014 12:00:00 AM,OPERACION,IAC ENERGY S.A.S. E.S.P.,AGUA,NO,
Grp0250,SOGAMOSO,SOG1,819,1.3047,NO,DESPACHADO CENTRALMENTE,HIDRAULICA,12/20/2014 12:00:00 AM,OPERACION,ISAGEN S.A. E.S.P.,AGUA,NO,
Grp0251,SAN MIGUEL,SMI1,52,1.2,NO,DESPACHADO CENTRALMENTE,HIDRAULICA,12/23/2015 12:00:00 AM,OPERACION,LA CASCADA S.A.S. E.S.P.,AGUA,NO,
Grp0252,CARLOS LLERAS,CLL1,78,1.1738,NO,DESPACHADO CENTRALMENTE,HIDRAULICA,11/22/2015 12:00:00 AM,OPERACION,HIDROELECTRICA DEL ALTO PORCE S A S E S P,AGUA,NO,
Grp0254,PROVIDENCIA,PRV1,4.9,0,SI,NO DESPACHADO CENTRALMENTE,HIDRAULICA,9/30/2015 12:00:00 AM,OPERACION,HZ ENERGY S.A.S. E.S.P.,AGUA,NO,
Grp0255,LA FRISOLERA,2S78,0.47,0.5625,SI,NO DESPACHADO CENTRALMENTE,HIDRAULICA,4/29/2016 12:00:00 AM,OPERACION,GENERPUTUMAYO S.A.S. E.S.P.,AGUA,NO,
Grp0256,COELLO,COE1,1.2,0.001,SI,NO DESPACHADO CENTRALMENTE,HIDRAULICA,12/10/2016 12:00:00 AM,OPERACION,ENERGETICA S.A. E.S.P.,AGUA,NO,
Grp0257,MORRO AZUL,2SI1,19.9,0,SI,NO DESPACHADO CENTRALMENTE,HIDRAULICA,9/10/2016 12:00:00 AM,OPERACION,RISARALDA ENERGIA S.A.S. E.S.P.,AGUA,NO,
Grp0258,AUTOG ARGOS EL CAIRO,2S6U,6.5,0,NO,NO DESPACHADO CENTRALMENTE,HIDRAULICA,9/29/2017 12:00:00 AM,OPERACION,EMPRESAS PUBLICAS DE MEDELLIN E.S.P.,AGUA,SI,
Grp0259,GUAVIO MENOR,2S8N,9.9,0,SI,NO DESPACHADO CENTRALMENTE,HIDRAULICA,4/27/2016 12:00:00 AM,OPERACION,EMGESA S.A. E.S.P.,AGUA,NO,
Grp0260,PORCE III MENOR,2S8U,1.8,0.0001,SI,NO DESPACHADO CENTRALMENTE,HIDRAULICA,4/25/2016 12:00:00 AM,OPERACION,EMPRESAS PUBLICAS DE MEDELLIN E.S.P.,AGUA,NO,
Grp0261,EL COCUYO,2S9L,0.7,0,SI,NO DESPACHADO CENTRALMENTE,HIDRAULICA,5/20/2016 12:00:00 AM,OPERACION,EMPRESA DE ENERGIA DEL PACIFICO S.A. E.S.P.,AGUA,NO,
Grp0262,ALEJANDRÍA,2SDR,15,0,SI,NO DESPACHADO CENTRALMENTE,HIDRAULICA,3/2/2017 12:00:00 AM,OPERACION,GENERADORA ALEJANDRIA S.A.S. E.S.P.,AGUA,NO,
Grp0263,MAGALLO,2SS2,5.7,0,SI,NO DESPACHADO CENTRALMENTE,HIDRAULICA,12/22/2016 12:00:00 AM,OPERACION,CENTRAL HIDROELÉCTRICA CONCORDIA S.A.S. E.S.P,AGUA,NO,
Grp0264,EL EDÉN,2SW1,19.9,0,SI,NO DESPACHADO CENTRALMENTE,HIDRAULICA,3/2/2017 12:00:00 AM,OPERACION,CENTRAL HIDROELÉCTRICA EL EDÉN S.A.S. E.S.P.,AGUA,NO,
Grp0265,EL MOLINO,2T1L,19.9,1.0236,SI,NO DESPACHADO CENTRALMENTE,HIDRAULICA,4/19/2017 12:00:00 AM,OPERACION,LA CASCADA S.A.S. E.S.P.,AGUA,NO,
Grp0266,SAN MATIAS,2T4P,19.9,1.0237,SI,NO DESPACHADO CENTRALMENTE,HIDRAULICA,4/25/2017 12:00:00 AM,OPERACION,LA CASCADA S.A.S. E.S.P.,AGUA,NO,
Grp0267,CANTAYUS,2T7D,4.32,1.433,SI,NO DESPACHADO CENTRALMENTE,HIDRAULICA,5/20/2017 12:00:00 AM,OPERACION,EMGESA S.A. E.S.P.,AGUA,NO,
Grp0268,LUZMA I,2TUT,19.6,3.6594,SI,NO DESPACHADO CENTRALMENTE,HIDRAULICA,10/7/2017 12:00:00 AM,OPERACION,GENERADORA LUZMA S.A. E.S.P.,AGUA,NO,
Grp0269,LUZMA II,2TUV,19.6,3.6351,SI,NO DESPACHADO CENTRALMENTE,HIDRAULICA,10/7/2017 12:00:00 AM,OPERACION,GENERADORA LUZMA S.A. E.S.P.,AGUA,NO,
Grp0270,LAS PALMAS,2U1G,2.8,0.15,SI,NO DESPACHADO CENTRALMENTE,HIDRAULICA,8/30/2017 12:00:00 AM,OPERACION,VATIA S.A. E.S.P.,AGUA,NO,
Grp0271,TEQUENDAMA 1,2UPJ,14.2,1,SI,NO DESPACHADO CENTRALMENTE,HIDRAULICA,2/28/2018 12:00:00 AM,OPERACION,EMGESA S.A. E.S.P.,AGUA,NO,
Grp0272,TEQUENDAMA 2,2UPD,14.2,1,SI,NO DESPACHADO CENTRALMENTE,HIDRAULICA,2/28/2018 12:00:00 AM,OPERACION,EMGESA S.A. E.S.P.,AGUA,NO,
Grp0273,TEQUENDAMA 3,2UPF,14.2,1,SI,NO DESPACHADO CENTRALMENTE,HIDRAULICA,2/28/2018 12:00:00 AM,OPERACION,EMGESA S.A. E.S.P.,AGUA,NO,
Grp0274,TEQUENDAMA 4,2UPH,14.2,1,SI,NO DESPACHADO CENTRALMENTE,HIDRAULICA,2/28/2018 12:00:00 AM,OPERACION,EMGESA S.A. E.S.P.,AGUA,NO,
Grp0275,SAN JOSE DE LA MONTAÑA II,2UR5,1.1,0.301,SI,NO DESPACHADO CENTRALMENTE,HIDRAULICA,10/6/2018 12:00:00 AM,OPERACION,EMPRESA DE GENERACION Y PROMOCION DE ENERGIA DE ANTIOQUIA S.A. E.S.P.,AGUA,NO,
Grp0276,AURES BAJO,2UX3,19.4,0.98,SI,NO DESPACHADO CENTRALMENTE,HIDRAULICA,12/12/2018 12:00:00 AM,OPERACION,AURES BAJO S.A.S. E.S.P.,AGUA,NO,
Grp0277,JUAN GARCIA,2V5G,4.52,0,SI,NO DESPACHADO CENTRALMENTE,HIDRAULICA,9/12/2018 12:00:00 AM,OPERACION,EMPRESA DE GENERACION Y PROMOCION DE ENERGIA DE ANTIOQUIA S.A. E.S.P.,AGUA,NO,
Grp0278,EL PASO,EPFV,67,0,NO,DESPACHADO CENTRALMENTE,HIDRAULICA,12/2/2018 12:00:00 AM,PRUEBAS,EMGESA S.A. E.S.P.,RAD SOLAR,NO,
Grp0279,MULATOS II,2WC5,7.34,0,SI,NO DESPACHADO CENTRALMENTE,HIDRAULICA,3/5/2019 12:00:00 AM,OPERACIÓN,ENERGIA DEL SUROESTE S.A. E.S.P.,AGUA,NO,
Grp0281,ESCUELA DE MINAS,HMIN,55,1.4232,NO,DESPACHADO CENTRALMENTE,HIDRAULICA,9/30/2019 12:00:00 AM,OPERACION,HIDROELECTRICA DEL ALTO PORCE S A S E S P,AGUA,NO,
Unt0001,TEBSAB,TBST,791,7.2131,NO,DESPACHADO CENTRALMENTE,TERMICA,10/21/1998 12:00:00 AM,OPERACION,TERMOBARRANQUILLA S.A. E.S.P.,GAS,NO,
Unt0002,TERMOSIERRAB,TSR1,353,7.1417,NO,DESPACHADO CENTRALMENTE,TERMICA,2/7/1998 12:00:00 AM,OPERACION,EMPRESAS PUBLICAS DE MEDELLIN E.S.P.,ACPM,NO,
Unt0003,BALLENA 1,BLL1,13,0,NO,DESPACHADO CENTRALMENTE,TERMICA,1/1/1983 12:00:00 AM,INACTIVO,CORPORACION ELECTRICA DE LA COSTA ATLANTICA S.A. E.S.P.,GAS,NO,
Unt0004,BALLENA 2,BLL2,13,0,NO,DESPACHADO CENTRALMENTE,TERMICA,1/1/1983 12:00:00 AM,INACTIVO,CORPORACION ELECTRICA DE LA COSTA ATLANTICA S.A. E.S.P.,GAS,NO,
Unt0005,EL RIO 1,ERO1,1.8,0,NO,DESPACHADO CENTRALMENTE,TERMICA,1/1/1972 12:00:00 AM,INACTIVO,ELECTRIFICADORA DEL ATLANTICO S.A. E.S.P.,GAS,NO,
Unt0006,EL RIO 2,ERO2,4,0,NO,DESPACHADO CENTRALMENTE,TERMICA,1/1/1972 12:00:00 AM,INACTIVO,ELECTRIFICADORA DEL ATLANTICO S.A. E.S.P.,GAS,NO,
Unt0007,EL RIO 3,ERO3,4.5,0,NO,DESPACHADO CENTRALMENTE,TERMICA,1/1/1972 12:00:00 AM,INACTIVO,ELECTRIFICADORA DEL ATLANTICO S.A. E.S.P.,GAS,NO,
Unt0008,EL RIO 4,ERO4,4.5,0,NO,DESPACHADO CENTRALMENTE,TERMICA,1/1/1972 12:00:00 AM,INACTIVO,ELECTRIFICADORA DEL ATLANTICO S.A. E.S.P.,GAS,NO,
Unt0009,EL RIO 5,ERO5,4,0,NO,DESPACHADO CENTRALMENTE,TERMICA,1/1/1972 12:00:00 AM,INACTIVO,ELECTRIFICADORA DEL ATLANTICO S.A. E.S.P.,GAS,NO,
Unt0010,EL RIO 6,ERO6,10,0,NO,DESPACHADO CENTRALMENTE,TERMICA,1/1/1972 12:00:00 AM,INACTIVO,ELECTRIFICADORA DEL ATLANTICO S.A. E.S.P.,GAS,NO,
Unt0011,BARRANCA 1,BRN1,12,13.26,SI,DESPACHADO CENTRALMENTE,TERMICA,3/20/2016 12:00:00 AM,INACTIVO,EMPRESAS PUBLICAS DE MEDELLIN E.S.P.,GAS,NO,
Unt0012,BARRANCA 2,BRN2,12,0,SI,DESPACHADO CENTRALMENTE,TERMICA,2/1/2016 12:00:00 AM,INACTIVO,EMPRESAS PUBLICAS DE MEDELLIN E.S.P.,GAS,NO,
Unt0013,BARRANCA 3,BRN3,24,0,NO,DESPACHADO CENTRALMENTE,TERMICA,3/20/2016 12:00:00 AM,INACTIVO,EMPRESAS PUBLICAS DE MEDELLIN E.S.P.,GAS,NO,
Unt0014,BARRANCA 4,BRN4,30,0,NO,DESPACHADO CENTRALMENTE,TERMICA,6/10/1983 12:00:00 AM,INACTIVO,ELECTRIFICADORA DE SANTANDER S.A. E.S.P.,GAS,NO,
Unt0015,BARRANCA 5,BRN5,19,0,NO,DESPACHADO CENTRALMENTE,TERMICA,7/10/1993 12:00:00 AM,INACTIVO,ELECTRIFICADORA DE SANTANDER S.A. E.S.P.,GAS,NO,
Unt0016,TERMOYOPAL 2,TYP2,30,12.0234,NO,DESPACHADO CENTRALMENTE,TERMICA,7/29/2004 12:00:00 AM,OPERACION,TERMOYOPAL GENERACION 2 S.A.S E.S.P.,GAS,NO,
Unt0017,TERMOYOPAL 1,TYP1,19.9,12.7057,SI,NO DESPACHADO CENTRALMENTE,TERMICA,3/11/2005 12:00:00 AM,OPERACION,TERMOYOPAL GENERACION 2 S.A.S E.S.P.,GAS,NO,
Unt0018,BARRANQUILLA 3,TBQ3,60,10.4846,NO,DESPACHADO CENTRALMENTE,TERMICA,1/1/1980 12:00:00 AM,OPERACION,TERMOBARRANQUILLA S.A. E.S.P.,COMBUSTOLEO,NO,
Unt0019,BARRANQUILLA 4,TBQ4,60,11.8308,NO,DESPACHADO CENTRALMENTE,TERMICA,1/1/1980 12:00:00 AM,OPERACION,TERMOBARRANQUILLA S.A. E.S.P.,COMBUSTOLEO,NO,
Unt0020,BARRANQUILLA 1,TBQ1,54,0,NO,DESPACHADO CENTRALMENTE,TERMICA,1/1/1980 12:00:00 AM,INACTIVO,TERMOBARRANQUILLA S.A. E.S.P.,GAS,NO,
Unt0021,BARRANQUILLA 2,TBQ2,55,0,NO,DESPACHADO CENTRALMENTE,TERMICA,1/1/1980 12:00:00 AM,INACTIVO,CORPORACION ELECTRICA DE LA COSTA ATLANTICA S.A. E.S.P.,GAS,NO,
Unt0028,CHINU 4,CHN4,13,0,NO,DESPACHADO CENTRALMENTE,TERMICA,8/25/1982 12:00:00 AM,INACTIVO,CORPORACION ELECTRICA DE LA COSTA ATLANTICA S.A. E.S.P.,GAS,NO,
Unt0029,CHINU 5,CHN5,29,0,NO,DESPACHADO CENTRALMENTE,TERMICA,1/1/1982 12:00:00 AM,INACTIVO,CORPORACION ELECTRICA DE LA COSTA ATLANTICA S.A. E.S.P.,GAS,NO,
Unt0030,CHINU 6,CHN6,30,0,NO,DESPACHADO CENTRALMENTE,TERMICA,1/1/1982 12:00:00 AM,INACTIVO,CORPORACION ELECTRICA DE LA COSTA ATLANTICA S.A. E.S.P.,GAS,NO,
Unt0031,CHINU 7,CHN7,30,0,NO,DESPACHADO CENTRALMENTE,TERMICA,1/1/1982 12:00:00 AM,INACTIVO,CORPORACION ELECTRICA DE LA COSTA ATLANTICA S.A. E.S.P.,GAS,NO,
Unt0032,CHINU 8,CHN8,30,0,NO,DESPACHADO CENTRALMENTE,TERMICA,1/1/1982 12:00:00 AM,INACTIVO,CORPORACION ELECTRICA DE LA COSTA ATLANTICA S.A. E.S.P.,GAS,NO,
Unt0033,CARTAGENA 1,CTG1,56,12.0837,NO,DESPACHADO CENTRALMENTE,TERMICA,7/20/1995 12:00:00 AM,OPERACION,EMGESA S.A. E.S.P.,COMBUSTOLEO,NO,
Unt0034,CARTAGENA 2,CTG2,62,11.5167,NO,DESPACHADO CENTRALMENTE,TERMICA,1/1/1980 12:00:00 AM,OPERACION,EMGESA S.A. E.S.P.,COMBUSTOLEO,NO,
Unt0035,CARTAGENA 3,CTG3,66,13.8215,NO,DESPACHADO CENTRALMENTE,TERMICA,1/1/1980 12:00:00 AM,OPERACION,EMGESA S.A. E.S.P.,COMBUSTOLEO,NO,
Unt0036,EL RIO 7,ERO7,10,0,NO,DESPACHADO CENTRALMENTE,TERMICA,1/1/1972 12:00:00 AM,INACTIVO,ELECTRIFICADORA DEL ATLANTICO S.A. E.S.P.,GAS,NO,
Unt0037,GUALANDAY 1,GLD1,40,0,NO,DESPACHADO CENTRALMENTE,TERMICA,1/1/1994 12:00:00 AM,INACTIVO,EMPRESAS PUBLICAS DE MEDELLIN E.S.P.,GAS,NO,
Unt0038,OCOA 1,OCOG,38,0,NO,DESPACHADO CENTRALMENTE,TERMICA,1/30/2002 12:00:00 AM,INACTIVO,EMPRESAS PUBLICAS DE MEDELLIN E.S.P.,GAS,NO,
Unt0040,TABOR 1,TBR1,22,0,NO,DESPACHADO CENTRALMENTE,TERMICA,3/15/1993 12:00:00 AM,INACTIVO,ISAGEN S.A. E.S.P.,ACPM,NO,
Unt0041,TEBSA 11,TBS1,97,0,NO,DESPACHADO CENTRALMENTE,TERMICA,6/8/1996 12:00:00 AM,INACTIVO,CORPORACION ELECTRICA DE LA COSTA ATLANTICA S.A. E.S.P.,GAS,NO,
Unt0042,TEBSA 12,TBS2,97,0,NO,DESPACHADO CENTRALMENTE,TERMICA,6/8/1996 12:00:00 AM,INACTIVO,CORPORACION ELECTRICA DE LA COSTA ATLANTICA S.A. E.S.P.,GAS,NO,
Unt0043,TEBSA 13,TBS3,97,0,NO,DESPACHADO CENTRALMENTE,TERMICA,6/8/1996 12:00:00 AM,INACTIVO,CORPORACION ELECTRICA DE LA COSTA ATLANTICA S.A. E.S.P.,GAS,NO,
Unt0044,TEBSA 14,TBS4,170,0,NO,DESPACHADO CENTRALMENTE,TERMICA,6/6/1996 12:00:00 AM,INACTIVO,CORPORACION ELECTRICA DE LA COSTA ATLANTICA S.A. E.S.P.,GAS,NO,
Unt0045,TEBSA 21,TBSA,97.7,0,NO,DESPACHADO CENTRALMENTE,TERMICA,8/23/1997 12:00:00 AM,INACTIVO,CORPORACION ELECTRICA DE LA COSTA ATLANTICA S.A. E.S.P.,GAS,NO,
Unt0046,TEBSA 22,TB22,97.7,0,NO,DESPACHADO CENTRALMENTE,TERMICA,9/2/1997 12:00:00 AM,INACTIVO,CORPORACION ELECTRICA DE LA COSTA ATLANTICA S.A. E.S.P.,GAS,NO,
Unt0047,TEBSA 24,ST24,170,0,NO,DESPACHADO CENTRALMENTE,TERMICA,7/14/1998 12:00:00 AM,INACTIVO,CORPORACION ELECTRICA DE LA COSTA ATLANTICA S.A. E.S.P.,GAS,NO,
Unt0048,TERMOGUALANDAY 1,TGL1,19.9,0,SI,NO DESPACHADO CENTRALMENTE,TERMICA,9/1/2004 12:00:00 AM,INACTIVO,ELECTRIFICADORA DEL HUILA S.A. E.S.P.,GAS,NO,
Unt0049,TOPON 1,TOP1,106,0,NO,DESPACHADO CENTRALMENTE,TERMICA,2/1/1998 12:00:00 AM,INACTIVO,TERMO SANTANDER DE COLOMBIA S.C.A. E.S.P.,GAS,NO,
Unt0050,TOPON 2,TOP2,106,0,NO,DESPACHADO CENTRALMENTE,TERMICA,3/9/1998 12:00:00 AM,INACTIVO,TERMO SANTANDER DE COLOMBIA S.C.A. E.S.P.,GAS,NO,
Unt0051,YUMBO 1,YMB1,7,0,NO,DESPACHADO CENTRALMENTE,TERMICA,1/1/1950 12:00:00 AM,INACTIVO,CENTRAL HIDROELECTRICA DEL RIO ANCHICAYA S.A. E.S.P.,CARBON,NO,
Unt0052,YUMBO 2,YMB2,7,0,NO,DESPACHADO CENTRALMENTE,TERMICA,1/1/1950 12:00:00 AM,INACTIVO,CENTRAL HIDROELECTRICA DEL RIO ANCHICAYA S.A. E.S.P.,CARBON,NO,
Unt0053,YUMBO 3,YMB3,29,0,NO,DESPACHADO CENTRALMENTE,TERMICA,7/20/1995 12:00:00 AM,INACTIVO,EMPRESA DE ENERGIA DEL PACIFICO S.A. E.S.P.,CARBON,NO,
Unt0056,EL RIO 8,ERO8,11,0,NO,DESPACHADO CENTRALMENTE,TERMICA,1/1/1972 12:00:00 AM,INACTIVO,ELECTRIFICADORA DEL ATLANTICO S.A. E.S.P.,GAS,NO,
Unt0057,LA UNION 1,LNN1,8,0,NO,DESPACHADO CENTRALMENTE,TERMICA,1/1/1971 12:00:00 AM,INACTIVO,ELECTRIFICADORA DEL ATLANTICO S.A. E.S.P.,GAS,NO,
Unt0058,LA UNION 2,LNN2,9,0,NO,DESPACHADO CENTRALMENTE,TERMICA,1/1/1971 12:00:00 AM,INACTIVO,ELECTRIFICADORA DEL ATLANTICO S.A. E.S.P.,GAS,NO,
Unt0059,LA UNION 3,LNN3,18,0,NO,DESPACHADO CENTRALMENTE,TERMICA,1/1/1971 12:00:00 AM,INACTIVO,ELECTRIFICADORA DEL ATLANTICO S.A. E.S.P.,GAS,NO,
Unt0060,COSPIQUE 1,CSP1,4,0,NO,DESPACHADO CENTRALMENTE,TERMICA,1/1/1960 12:00:00 AM,INACTIVO,ELECTRIFICADORA DE BOLIVAR S.A. E.S.P.,GAS,NO,
Unt0061,COSPIQUE 2,CSP2,4,0,NO,DESPACHADO CENTRALMENTE,TERMICA,1/1/1960 12:00:00 AM,INACTIVO,ELECTRIFICADORA DE BOLIVAR S.A. E.S.P.,GAS,NO,
Unt0062,COSPIQUE 3,CSP3,8,0,NO,DESPACHADO CENTRALMENTE,TERMICA,1/1/1967 12:00:00 AM,INACTIVO,ELECTRIFICADORA DE BOLIVAR S.A. E.S.P.,GAS,NO,
Unt0063,COSPIQUE 4,CSP4,8,0,NO,DESPACHADO CENTRALMENTE,TERMICA,1/1/1966 12:00:00 AM,INACTIVO,ELECTRIFICADORA DE BOLIVAR S.A. E.S.P.,GAS,NO,
Unt0064,COSPIQUE 5,CSP5,11,0,NO,DESPACHADO CENTRALMENTE,TERMICA,1/1/1965 12:00:00 AM,INACTIVO,ELECTRIFICADORA DE BOLIVAR S.A. E.S.P.,GAS,NO,
Unt0065,LA UNION 4,LNN4,9,0,NO,DESPACHADO CENTRALMENTE,TERMICA,1/1/1971 12:00:00 AM,INACTIVO,ELECTRIFICADORA DEL ATLANTICO S.A. E.S.P.,GAS,NO,
Unt0066,PALENQUE 4,PLQ4,14,0,NO,DESPACHADO CENTRALMENTE,TERMICA,7/20/1995 12:00:00 AM,INACTIVO,ELECTRIFICADORA DE SANTANDER S.A. E.S.P.,GAS,NO,
Unt0067,PTAR 1,PTR1,1,0,NO,NO DESPACHADO CENTRALMENTE,TERMICA,11/1/2005 12:00:00 AM,PRUEBAS,EMPRESAS MUNICIPALES DE CALI E.I.C.E. E.S.P.,GAS,NO,
Unt0068,RIOMAR 1,RMAR,9,0,NO,DESPACHADO CENTRALMENTE,TERMICA,7/20/1995 12:00:00 AM,INACTIVO,ELECTRIFICADORA DEL ATLANTICO S.A. E.S.P.,GAS,NO,
Unt0069,TIBU 1,TBU1,5,0,NO,DESPACHADO CENTRALMENTE,TERMICA,1/1/1965 12:00:00 AM,INACTIVO,CENTRALES ELECTRICAS DEL NORTE DE SANTANDER S.A. E.S.P.,COMBUSTOLEO,NO,
Unt0070,TIBU 2,TBU2,5,0,NO,DESPACHADO CENTRALMENTE,TERMICA,1/1/1965 12:00:00 AM,INACTIVO,CENTRALES ELECTRICAS DEL NORTE DE SANTANDER S.A. E.S.P.,COMBUSTOLEO,NO,
Unt0071,TIBU 3,TBU3,5,0,NO,DESPACHADO CENTRALMENTE,TERMICA,1/1/1965 12:00:00 AM,INACTIVO,CENTRALES ELECTRICAS DEL NORTE DE SANTANDER S.A. E.S.P.,COMBUSTOLEO,NO,
Unt0074,VALLE 1,VLL1,39.5,0,NO,DESPACHADO CENTRALMENTE,TERMICA,1/1/1994 12:00:00 AM,INACTIVO,CENTRAL HIDROELECTRICA DE BETANIA S.A. E.S.P.,ACPM,NO,
Unt0077,FLORES 1,TFL1,160,7.3505,NO,DESPACHADO CENTRALMENTE,TERMICA,11/1/1993 12:00:00 AM,OPERACION,ZONA FRANCA CELSIA S.A E.S.P.,ACPM,NO,
Unt0078,FLORES 2,TFL2,112,10.0025,NO,DESPACHADO CENTRALMENTE,TERMICA,4/2/1996 12:00:00 AM,INACTIVO,TERMOFLORES S.A. E.S.P.,GAS,NO,
Unt0090,GUAJIRA 1,TGJ1,143,9.8,NO,DESPACHADO CENTRALMENTE,TERMICA,8/8/1983 12:00:00 AM,OPERACION,GENERADORA Y COMERCIALIZADORA DE ENERGIA DEL CARIBE S.A. E.S.P.,CARBON,NO,
Unt0091,GUAJIRA 2,TGJ2,143,10.2,NO,DESPACHADO CENTRALMENTE,TERMICA,11/23/1987 12:00:00 AM,OPERACION,GENERADORA Y COMERCIALIZADORA DE ENERGIA DEL CARIBE S.A. E.S.P.,CARBON,NO,
Unt0129,PAIPA 1,PPA1,36,11.9554,NO,DESPACHADO CENTRALMENTE,TERMICA,1/1/1963 12:00:00 AM,OPERACION,GESTION ENERGETICA S.A. E.S.P.,CARBON,NO,
Unt0130,PAIPA 2,PPA2,72,11.18401,NO,DESPACHADO CENTRALMENTE,TERMICA,1/1/1975 12:00:00 AM,OPERACION,GESTION ENERGETICA S.A. E.S.P.,CARBON,NO,
Unt0131,PAIPA 3,PPA3,70,10.46425,NO,DESPACHADO CENTRALMENTE,TERMICA,5/6/1982 12:00:00 AM,OPERACION,GESTION ENERGETICA S.A. E.S.P.,CARBON,NO,
Unt0132,PALENQUE 3,PLQ3,13,14.3162,NO,DESPACHADO CENTRALMENTE,TERMICA,1/1/1972 12:00:00 AM,INACTIVO,ELECTRIFICADORA DE SANTANDER S.A. E.S.P.,GAS,NO,
Unt0144,PROELECTRICA 1,PRG1,45,7.942,NO,DESPACHADO CENTRALMENTE,TERMICA,7/1/1993 12:00:00 AM,OPERACION,PROELECTRICA & CIA. S.C.A. E.S.P.,GAS,NO,
Unt0145,PROELECTRICA 2,PRG2,45,7.9418,NO,DESPACHADO CENTRALMENTE,TERMICA,7/1/1993 12:00:00 AM,OPERACION,PROELECTRICA & CIA. S.C.A. E.S.P.,GAS,NO,
Unt0177,TASAJERO 1,TSJ1,163,9.1268,NO,DESPACHADO CENTRALMENTE,TERMICA,2/20/1985 12:00:00 AM,OPERACION,TERMOTASAJERO S.A. E.S.P.,CARBON,NO,
Unt0192,ZIPAEMG 2,ZPA2,35,11.72067,NO,DESPACHADO CENTRALMENTE,TERMICA,1/1/1964 12:00:00 AM,OPERACION,EMGESA S.A. E.S.P.,CARBON,NO,
Unt0193,ZIPAEMG 3,ZPA3,63,12.8203,NO,DESPACHADO CENTRALMENTE,TERMICA,1/1/1976 12:00:00 AM,OPERACION,EMGESA S.A. E.S.P.,CARBON,NO,
Unt0194,ZIPAEMG 4,ZPA4,64,13.6509,NO,DESPACHADO CENTRALMENTE,TERMICA,4/1/1981 12:00:00 AM,OPERACION,EMGESA S.A. E.S.P.,CARBON,NO,
Unt0195,ZIPAEMG 5,ZPA5,63,12.3226,NO,DESPACHADO CENTRALMENTE,TERMICA,12/14/1985 12:00:00 AM,OPERACION,EMGESA S.A. E.S.P.,CARBON,NO,
Unt0293,TERMODORADA 1,TDR1,44,10.5559,NO,DESPACHADO CENTRALMENTE,TERMICA,8/11/1997 12:00:00 AM,OPERACION,EMPRESAS PUBLICAS DE MEDELLIN E.S.P.,JET-A1,NO,
Unt0307,TERMOSIERRA 1,TSR2,150,9.9873,NO,DESPACHADO CENTRALMENTE,TERMICA,1/16/1998 12:00:00 AM,INACTIVO,EMPRESAS PUBLICAS DE MEDELLIN E.S.P.,GAS,NO,
Unt0308,TERMOSIERRA 2,TSR2,144,9.9243,NO,DESPACHADO CENTRALMENTE,TERMICA,3/28/1998 12:00:00 AM,INACTIVO,EMPRESAS PUBLICAS DE MEDELLIN E.S.P.,GAS,NO,
Unt0309,MERILECTRICA 1,MRL1,167,9.7655,NO,DESPACHADO CENTRALMENTE,TERMICA,2/5/1998 12:00:00 AM,OPERACION,EMPRESA DE ENERGIA DEL PACIFICO S.A. E.S.P.,GAS,NO,
Unt0310,FLORES 3,TFL3,169,9.6022,NO,DESPACHADO CENTRALMENTE,TERMICA,4/28/1998 12:00:00 AM,INACTIVO,TERMOFLORES S.A. E.S.P.,GAS,NO,
Unt0311,TERMOVALLE 1,TVL1,200,6.9421,NO,DESPACHADO CENTRALMENTE,TERMICA,12/17/2011 12:00:00 AM,OPERACION,TERMOVALLE S.A.S. E.S.P.,ACPM,NO,
Unt0323,TERMOEMCALI 1,TEC1,213,7.4639,NO,DESPACHADO CENTRALMENTE,TERMICA,7/16/1999 12:00:00 AM,OPERACION,TERMOEMCALI I S.A. E.S.P.,ACPM,NO,
Unt0324,PAIPA 4,PPA4,160,8.64851,NO,DESPACHADO CENTRALMENTE,TERMICA,1/8/1999 12:00:00 AM,OPERACION,COMPAÑÍA ELÉCTRICA DE SOCHAGOTA  S.A. E.S.P.,CARBON,NO,
Unt0379,TERMOPIEDRAS,TPD1,3.75,0,SI,NO DESPACHADO CENTRALMENTE,TERMICA,12/30/1999 12:00:00 AM,OPERACION,TERMOPIEDRAS S.A. E.S.P.,GAS,NO,
Unt0380,TERMOCANDELARIA 1,TCD1,157,10.4868,NO,DESPACHADO CENTRALMENTE,TERMICA,5/18/2000 12:00:00 AM,OPERACION,TERMOCANDELARIA S.C.A. E.S.P.,GAS,NO,
Unt0381,TERMOCANDELARIA 2,TCD2,157,10.4914,NO,DESPACHADO CENTRALMENTE,TERMICA,7/13/2000 12:00:00 AM,OPERACION,TERMOCANDELARIA S.C.A. E.S.P.,GAS,NO,
Unt0404,TERMOCENTRO CC,TRM1,279,7.2683,NO,DESPACHADO CENTRALMENTE,TERMICA,11/30/2000 12:00:00 AM,OPERACION,ISAGEN S.A. E.S.P.,MEZCLA GAS - JET-A1,NO,
Unt0413,TERMOSIERRA 3,TSR3,166,5.978,NO,DESPACHADO CENTRALMENTE,TERMICA,1/27/2001 12:00:00 AM,INACTIVO,EMPRESAS PUBLICAS DE MEDELLIN E.S.P.,GAS,NO,
Unt0432,TERMOCENTRO 1,TRM2,97,0,NO,DESPACHADO CENTRALMENTE,TERMICA,2/22/1997 12:00:00 AM,INACTIVO,ISAGEN S.A. E.S.P.,GAS,NO,
Unt0433,TERMOCENTRO 2,TRM2,96,0,NO,DESPACHADO CENTRALMENTE,TERMICA,3/21/1997 12:00:00 AM,INACTIVO,ISAGEN S.A. E.S.P.,GAS,NO,
Unt0435,FLORES 4B,TFL4,450,6.9107,NO,DESPACHADO CENTRALMENTE,TERMICA,8/12/2011 12:00:00 AM,OPERACION,ZONA FRANCA CELSIA S.A E.S.P.,GAS,NO,
Unt0445,CIMARRON,CIMR,19.9,13.5,SI,NO DESPACHADO CENTRALMENTE,TERMICA,8/18/2007 12:00:00 AM,OPERACION,CENTRAL TERMOELECTRICA EL MORRO 2 S.A.S. E.S.P.,GAS,NO,
Unt0446,EL MORRO 2,CTM2,19.9,13.84,SI,NO DESPACHADO CENTRALMENTE,TERMICA,8/9/2007 12:00:00 AM,OPERACION,CENTRAL TERMOELECTRICA EL MORRO 2 S.A.S. E.S.P.,GAS,NO,
Unt0447,EL MORRO 1,CTM1,19.9,12.4,SI,NO DESPACHADO CENTRALMENTE,TERMICA,5/23/2007 12:00:00 AM,OPERACION,CENTRAL TERMOELECTRICA EL MORRO 2 S.A.S. E.S.P.,GAS,NO,
Unt0448,TERMOCOA 1,TOCG,19.9,0,SI,NO DESPACHADO CENTRALMENTE,TERMICA,11/8/2003 12:00:00 AM,INACTIVO,ELECTRIFICADORA DEL META S.A. E.S.P.,GAS,NO,
Unt0449,GECELCA 3,GEC3,164,9.5,NO,DESPACHADO CENTRALMENTE,TERMICA,9/17/2015 12:00:00 AM,OPERACION,GENERADORA Y COMERCIALIZADORA DE ENERGIA DEL CARIBE S.A. E.S.P.,CARBON,NO,
Unt0450,PURIFICACION,PRF1,8,11.148,SI,NO DESPACHADO CENTRALMENTE,TERMICA,11/25/2014 12:00:00 AM,INACTIVO,SURENERGY S.A.S. E.S.P.,GAS,NO,
Unt0451,TASAJERO 2,TSJ2,170,9.7214,NO,DESPACHADO CENTRALMENTE,TERMICA,11/30/2015 12:00:00 AM,OPERACION,TERMOTASAJERO DOS S.A. E.S.P.,CARBON,NO,
Unt0452,TERMOBOLIVAR 1,TMB1,9.7,0,SI,NO DESPACHADO CENTRALMENTE,TERMICA,3/4/2016 12:00:00 AM,OPERACION,GENERSA S.A.S. E.S.P..,GAS,NO,
Unt0453,AUTOG ARGOS CARTAGENA,ARG1,9.9,0,NO,NO DESPACHADO CENTRALMENTE,TERMICA,3/15/2016 12:00:00 AM,OPERACION,EMPRESA DE ENERGIA DEL PACIFICO S.A. E.S.P.,GAS,SI,
Unt0454,AUTOG ARGOS SOGAMOSO,2V25,5,0,NO,NO DESPACHADO CENTRALMENTE,TERMICA,10/2/2018 12:00:00 AM,OPERACION,EMPRESAS PUBLICAS DE MEDELLIN E.S.P.,CARBON,SI,
Unt0455,AUTOG ARGOS TOLUVIEJO,2S8G,3.7,0,NO,NO DESPACHADO CENTRALMENTE,TERMICA,3/3/2016 12:00:00 AM,PRUEBAS,EMPRESA DE ENERGIA DEL PACIFICO S.A. E.S.P.,CARBON,SI,
Unt0456,AUTOG ARGOS YUMBO,2S6S,9.9,0,NO,NO DESPACHADO CENTRALMENTE,TERMICA,3/20/2016 12:00:00 AM,OPERACION,EMPRESA DE ENERGIA DEL PACIFICO S.A. E.S.P.,CARBON,SI,
Unt0457,AUTOG UNIBOL,UNIB,1.1,0,NO,NO DESPACHADO CENTRALMENTE,TERMICA,3/20/2016 12:00:00 AM,OPERACION,AXIA ENERGIA S.A.S. E.S.P.,GAS,SI,
Unt0458,AUTOG YAGUARITO,2S6Q,1.6,0,NO,NO DESPACHADO CENTRALMENTE,TERMICA,3/22/2016 12:00:00 AM,OPERACION,ELECTRIFICADORA DEL META S.A. E.S.P.,BAGAZO,SI,
Unt0461,AUTOG REFICAR,2S8I,9.9,0,NO,NO DESPACHADO CENTRALMENTE,TERMICA,4/26/2016 12:00:00 AM,OPERACION,EMPRESAS PUBLICAS DE MEDELLIN E.S.P.,GAS,SI,
Unt0462,DOÑA JUANA,2S8S,1.7,0,SI,NO DESPACHADO CENTRALMENTE,TERMICA,4/29/2016 12:00:00 AM,OPERACION,BIOGAS DOÑA JUANA S.A.S. E.S.P,BIOGAS,NO,
Unt0463,TEQUENDAMA BIOGAS,2S9Q,2.25,0,SI,NO DESPACHADO CENTRALMENTE,TERMICA,6/25/2016 12:00:00 AM,OPERACION,ENERCO S.A. E.S.P.,BIOGAS,NO,
Unt0470,AUTOG CELSIA SOLAR YUMBO,2TYI,9.8,1,NO,NO DESPACHADO CENTRALMENTE,TERMICA,9/3/2017 12:00:00 AM,OPERACION,EMPRESA DE ENERGIA DEL PACIFICO S.A. E.S.P.,RAD SOLAR,SI,
Unt0471,PROENCA II,2U5P,17,0.1,SI,NO DESPACHADO CENTRALMENTE,TERMICA,10/10/2017 12:00:00 AM,OPERACION,PROYECTOS ENERGETICOS DEL CAUCA S.A. E.S.P.,CARBON,NO,
Unt0472,GECELCA 32,GE32,273,8.699,NO,DESPACHADO CENTRALMENTE,TERMICA,9/28/2018 12:00:00 AM,OPERACION,GENERADORA Y COMERCIALIZADORA DE ENERGIA DEL CARIBE S.A. E.S.P.,CARBON,NO,
Unt0473,TERMONORTE,TRN1,88,8.01,NO,DESPACHADO CENTRALMENTE,TERMICA,12/1/2018 12:00:00 AM,OPERACION,TERMONORTE S.A.S. E.S.P,COMBUSTOLEO,NO,
Unt0474,TERMOMECHERO 4,2U93,19.3,0,SI,NO DESPACHADO CENTRALMENTE,TERMICA,2/2/2018 12:00:00 AM,OPERACION,TERMO MECHERO MORRO S.A.S E.S.P,GAS,NO,
Unt0475,TERMOMECHERO 5,2U8Y,19.3,0,SI,NO DESPACHADO CENTRALMENTE,TERMICA,12/16/2017 12:00:00 AM,OPERACION,TERMO MECHERO MORRO S.A.S E.S.P,GAS,NO,
Unt0476,TERMOMECHERO 6,2U91,19.3,0,SI,NO DESPACHADO CENTRALMENTE,TERMICA,2/2/2018 12:00:00 AM,OPERACION,TERMO MECHERO MORRO S.A.S E.S.P,GAS,NO,
Unt0477,AUTOG COCA-COLA FEMSA,2V27,2.44,1,NO,NO DESPACHADO CENTRALMENTE,TERMICA,7/25/2018 12:00:00 AM,OPERACION,EMPRESAS PUBLICAS DE MEDELLIN E.S.P.,GAS,SI,
Unt0479,CELSIA SOLAR BOLIVAR,2VJS,8.06,1,SI,NO DESPACHADO CENTRALMENTE,TERMICA,2/3/2019 12:00:00 AM,OPERACION,EMPRESA DE ENERGIA DEL PACIFICO S.A. E.S.P.,RAD SOLAR,NO,
Unt0490,AUTOG FAMILIA,2W4Y,1,1,NO,NO DESPACHADO CENTRALMENTE,TERMICA,3/23/2019 12:00:00 AM,OPERACION,AXIA ENERGIA S.A.S. E.S.P.,GAS,SI,
Unt0491,TERMOCAPACHOS,2WFN,4.8,0,SI,NO DESPACHADO CENTRALMENTE,TERMICA,4/5/2019 12:00:00 AM,OPERACION,GENERSA S.A.S. E.S.P..,GAS,NO,
Unt0499,AGPE - ECOPETROL LA HORMIGA,AGPE,1,1,SI,DESPACHADO CENTRALMENTE,TERMICA,9/16/2019 12:00:00 AM,OPERACION,ENERCO S.A. E.S.P.,CARBON,SI,
,,,,,,,,,,,,,
